{
  "r": 0.524759241553746,
  "lambda": 1.1894114828452,
  "epoch": 8,
  "n": 1
}
