{
  "r": 0.9771514767224,
  "lambda": 1.19147957646909,
  "epoch": 8,
  "n": 1
}
