{
  "r": 0.10617045629619004,
  "lambda": 1.5487952785572368,
  "epoch": 5,
  "n": 1
}
