{
    "r": 0.5247585618912233,
    "lambda": 1.1894109797984016,
    "epoch": 8,
    "n": 1
}