{
  "r": 0.524757921758697,
  "lambda": 1.18941076343102,
  "epoch": 8,
  "n": 1
}
