{
  "r": 0.899520914294562,
  "lambda": 1.23908130156616,
  "epoch": 114,
  "n": 1
}
