{
  "r": 0.569352821038384,
  "lambda": 0.992687616933805,
  "epoch": 114,
  "n": 92
}
